,country,local_language_x,job_posting_title,contract,mode,sector,job_category,AllSkills
0,Belgium,0,,,,,no_mapped,
1,Belgium,1,,,,,no_mapped,
2,Belgium,0,,,,,no_mapped,communication
3,Belgium,1,,,,,no_mapped,communication
4,Belgium,0,,,,,no_mapped,communication
4,Belgium,0,,,,,no_mapped,creativity
5,Belgium,0,,,,,no_mapped,communication
6,Belgium,0,,,,,no_mapped,empathy
7,Belgium,0,,,,,no_mapped,communication
7,Belgium,0,,,,,no_mapped,creativity
7,Belgium,0,,,,,no_mapped,leadership
7,Belgium,0,,,,,no_mapped,collaboration
8,Belgium,0,,,,,no_mapped,
9,Belgium,0,,,,,no_mapped,communication
9,Belgium,0,,,,,no_mapped,collaboration
10,Belgium,1,,,,,no_mapped,
11,Belgium,1,,,,,no_mapped,
12,Belgium,0,,,,,no_mapped,
13,Belgium,1,,,,,no_mapped,
14,Belgium,1,,,,,no_mapped,communication
15,Belgium,0,,,,,no_mapped,communication
15,Belgium,0,,,,,no_mapped,collaboration
16,Belgium,1,,,,,no_mapped,communication
17,Belgium,1,,,,,no_mapped,communication
18,Belgium,0,,,,,no_mapped,
19,Belgium,0,,,,,no_mapped,communication
19,Belgium,0,,,,,no_mapped,flexibility
20,Belgium,1,,,,,no_mapped,communication
21,Belgium,1,,,,,no_mapped,
22,Belgium,0,,,,,no_mapped,communication
23,Belgium,1,,,,,no_mapped,communication
24,Belgium,1,,,,,no_mapped,communication
25,Belgium,0,,,,,no_mapped,
26,Belgium,1,,,,,no_mapped,
27,Belgium,0,,,,,no_mapped,communication
27,Belgium,0,,,,,no_mapped,leadership
27,Belgium,0,,,,,no_mapped,collaboration
28,Belgium,1,,,,,no_mapped,communication
29,Belgium,0,,,,,no_mapped,communication
29,Belgium,0,,,,,no_mapped,collaboration
29,Belgium,0,,,,,no_mapped,empathy
30,Belgium,1,,,,,no_mapped,teamwork
30,Belgium,1,,,,,no_mapped,flexibility
31,Belgium,1,,,,,no_mapped,communication
32,Belgium,0,,,,,no_mapped,communication
33,Belgium,1,,,,,no_mapped,
34,Belgium,1,,,,,no_mapped,teamwork
35,Belgium,0,,,,,no_mapped,communication
36,Belgium,0,,,,,no_mapped,communication
36,Belgium,0,,,,,no_mapped,leadership
36,Belgium,0,,,,,no_mapped,flexibility
37,Belgium,0,,,,,no_mapped,collaboration
38,Belgium,0,,,,,no_mapped,communication
38,Belgium,0,,,,,no_mapped,leadership
38,Belgium,0,,,,,no_mapped,collaboration
39,Belgium,0,,,,,no_mapped,communication
39,Belgium,0,,,,,no_mapped,creativity
40,Belgium,0,,,,,no_mapped,
41,Belgium,1,,,,,no_mapped,communication
41,Belgium,1,,,,,no_mapped,flexibility
42,Belgium,0,,,,,no_mapped,
43,Belgium,0,,,,,no_mapped,
44,Belgium,0,,,,,no_mapped,communication
44,Belgium,0,,,,,no_mapped,leadership
44,Belgium,0,,,,,no_mapped,empathy
45,Belgium,1,,,,,no_mapped,
46,Belgium,0,,,,,no_mapped,communication
46,Belgium,0,,,,,no_mapped,adaptability
46,Belgium,0,,,,,no_mapped,leadership
46,Belgium,0,,,,,no_mapped,collaboration
46,Belgium,0,,,,,no_mapped,flexibility
47,Belgium,0,,,,,no_mapped,communication
48,Belgium,1,,,,,no_mapped,
49,Belgium,1,,,,,no_mapped,communication
50,Belgium,1,,,,,no_mapped,
51,Belgium,1,,,,,no_mapped,
52,Belgium,0,,,,,no_mapped,communication
53,Belgium,0,,,,,no_mapped,communication
54,Belgium,0,,,,,no_mapped,communication
55,Belgium,0,,,,,no_mapped,communication
55,Belgium,0,,,,,no_mapped,collaboration
55,Belgium,0,,,,,no_mapped,flexibility
56,Belgium,1,,,,,no_mapped,communication
56,Belgium,1,,,,,no_mapped,collaboration
57,Belgium,1,,,,,no_mapped,
58,Belgium,1,,,,,no_mapped,
59,Belgium,0,,,,,no_mapped,communication
59,Belgium,0,,,,,no_mapped,leadership
60,Belgium,0,,,,,no_mapped,creativity
60,Belgium,0,,,,,no_mapped,flexibility
61,Belgium,0,,,,,no_mapped,communication
62,Belgium,1,,,,,no_mapped,collaboration
63,Belgium,0,,,,,no_mapped,communication
63,Belgium,0,,,,,no_mapped,collaboration
64,Belgium,0,,,,,no_mapped,communication
64,Belgium,0,,,,,no_mapped,collaboration
64,Belgium,0,,,,,no_mapped,flexibility
65,Belgium,0,,,,,no_mapped,communication
66,Belgium,0,,,,,no_mapped,communication
66,Belgium,0,,,,,no_mapped,leadership
67,Belgium,0,,,,,no_mapped,communication
68,Belgium,0,,,,,no_mapped,flexibility
69,Belgium,0,,,,,no_mapped,communication
70,Belgium,0,,,,,no_mapped,communication
71,Belgium,1,,,,,no_mapped,communication
71,Belgium,1,,,,,no_mapped,collaboration
71,Belgium,1,,,,,no_mapped,flexibility
72,Belgium,1,,,,,no_mapped,
73,Belgium,1,,,,,no_mapped,communication
74,Belgium,0,,,,,no_mapped,communication
75,Belgium,0,,,,,no_mapped,
76,Belgium,0,,,,,no_mapped,communication
77,Belgium,0,,,,,no_mapped,communication
78,Belgium,0,,,,,no_mapped,communication
78,Belgium,0,,,,,no_mapped,teamwork
78,Belgium,0,,,,,no_mapped,creativity
79,Belgium,1,,,,,no_mapped,communication
80,Belgium,1,,,,,no_mapped,communication
80,Belgium,1,,,,,no_mapped,collaboration
80,Belgium,1,,,,,no_mapped,flexibility
81,Belgium,0,,,,,no_mapped,communication
81,Belgium,0,,,,,no_mapped,creativity
81,Belgium,0,,,,,no_mapped,collaboration
82,Belgium,0,,,,,no_mapped,
83,Belgium,0,,,,,no_mapped,communication
84,Belgium,1,,,,,no_mapped,communication
84,Belgium,1,,,,,no_mapped,collaboration
85,Belgium,0,,,,,no_mapped,
86,Belgium,0,,,,,no_mapped,
87,Belgium,0,,,,,no_mapped,communication
88,Belgium,0,,,,,no_mapped,
89,Belgium,1,,,,,no_mapped,
90,Belgium,0,,,,,no_mapped,
91,Belgium,0,,,,,no_mapped,communication
91,Belgium,0,,,,,no_mapped,collaboration
92,Belgium,0,,,,,no_mapped,communication
92,Belgium,0,,,,,no_mapped,leadership
92,Belgium,0,,,,,no_mapped,collaboration
92,Belgium,0,,,,,no_mapped,flexibility
93,Belgium,0,,,,,no_mapped,communication
93,Belgium,0,,,,,no_mapped,collaboration
94,Belgium,0,,,,,no_mapped,communication
94,Belgium,0,,,,,no_mapped,teamwork
94,Belgium,0,,,,,no_mapped,leadership
95,Belgium,0,,,,,no_mapped,
96,Belgium,0,,,,,no_mapped,leadership
96,Belgium,0,,,,,no_mapped,flexibility
97,Belgium,0,,,,,no_mapped,communication
98,Belgium,0,,,,,no_mapped,
99,Belgium,0,,,,,no_mapped,communication
100,Belgium,0,,,,,no_mapped,leadership
100,Belgium,0,,,,,no_mapped,flexibility
101,Belgium,0,,,,,no_mapped,flexibility
102,Belgium,0,,,,,no_mapped,communication
103,Belgium,0,,,,,no_mapped,collaboration
104,Belgium,0,,,,,no_mapped,communication
105,Belgium,0,,,,,no_mapped,
106,Belgium,0,,,,,no_mapped,communication
106,Belgium,0,,,,,no_mapped,leadership
107,Belgium,0,,,,,no_mapped,communication
107,Belgium,0,,,,,no_mapped,creativity
107,Belgium,0,,,,,no_mapped,flexibility
108,Belgium,0,,,,,no_mapped,communication
108,Belgium,0,,,,,no_mapped,adaptability
109,Belgium,0,,,,,no_mapped,flexibility
110,Belgium,0,,,,,no_mapped,communication
110,Belgium,0,,,,,no_mapped,leadership
111,France,0,,,,,no_mapped,communication
112,France,0,,,,,no_mapped,teamwork
113,France,1,,,,,no_mapped,
114,France,1,,,,,no_mapped,collaboration
115,France,1,,,,,no_mapped,
116,France,1,,,,,no_mapped,adaptability
117,France,1,,,,,no_mapped,collaboration
118,France,1,,,,,no_mapped,
119,France,1,,,,,no_mapped,
120,France,1,,,,,no_mapped,teamwork
121,France,1,,,,,no_mapped,collaboration
122,France,1,,,,,no_mapped,collaboration
123,France,1,,,,,no_mapped,
124,France,0,,,,,no_mapped,communication
125,France,1,,,,,no_mapped,
126,France,1,,,,,no_mapped,
127,France,1,,,,,no_mapped,communication
128,France,1,,,,,no_mapped,communication
129,France,1,,,,,no_mapped,
130,France,1,,,,,no_mapped,communication
131,France,1,,,,,no_mapped,
132,France,1,,,,,no_mapped,
133,France,1,,,,,no_mapped,
134,France,1,,,,,no_mapped,
135,France,1,,,,,no_mapped,
136,France,1,,,,,no_mapped,
137,France,1,,,,,no_mapped,
138,France,1,,,,,no_mapped,
139,France,1,,,,,no_mapped,collaboration
140,France,1,,,,,no_mapped,communication
141,France,1,,,,,no_mapped,communication
142,France,1,,,,,no_mapped,teamwork
143,France,1,,,,,no_mapped,communication
143,France,1,,,,,no_mapped,teamwork
143,France,1,,,,,no_mapped,collaboration
143,France,1,,,,,no_mapped,flexibility
144,France,1,,,,,no_mapped,teamwork
144,France,1,,,,,no_mapped,collaboration
144,France,1,,,,,no_mapped,flexibility
145,France,1,,,,,no_mapped,creativity
146,France,1,,,,,no_mapped,collaboration
147,France,1,,,,,no_mapped,leadership
148,France,1,,,,,no_mapped,
149,France,1,,,,,no_mapped,leadership
150,France,1,,,,,no_mapped,communication
151,France,1,,,,,no_mapped,communication
152,France,1,,,,,no_mapped,
153,France,0,,,,,no_mapped,collaboration
154,France,1,,,,,no_mapped,
155,France,0,,,,,no_mapped,collaboration
156,France,1,,,,,no_mapped,leadership
156,France,1,,,,,no_mapped,collaboration
157,France,0,,,,,no_mapped,
158,France,1,,,,,no_mapped,
159,France,0,,,,,no_mapped,communication
159,France,0,,,,,no_mapped,flexibility
160,France,1,,,,,no_mapped,communication
160,France,1,,,,,no_mapped,leadership
161,France,0,,,,,no_mapped,collaboration
162,France,1,,,,,no_mapped,communication
162,France,1,,,,,no_mapped,collaboration
163,France,1,,,,,no_mapped,
164,France,0,,,,,no_mapped,communication
164,France,0,,,,,no_mapped,teamwork
164,France,0,,,,,no_mapped,collaboration
165,France,1,,,,,no_mapped,
166,France,0,,,,,no_mapped,collaboration
167,France,1,,,,,no_mapped,communication
167,France,1,,,,,no_mapped,collaboration
168,France,1,,,,,no_mapped,
169,France,0,,,,,no_mapped,collaboration
170,France,1,,,,,no_mapped,collaboration
171,France,0,,,,,no_mapped,collaboration
172,France,1,,,,,no_mapped,communication
172,France,1,,,,,no_mapped,teamwork
172,France,1,,,,,no_mapped,flexibility
173,France,0,,,,,no_mapped,
174,France,1,,,,,no_mapped,communication
175,France,1,,,,,no_mapped,
176,France,1,,,,,no_mapped,collaboration
177,France,1,,,,,no_mapped,communication
178,France,0,,,,,no_mapped,communication
178,France,0,,,,,no_mapped,collaboration
179,France,1,,,,,no_mapped,communication
180,France,1,,,,,no_mapped,communication
181,France,0,,,,,no_mapped,communication
181,France,0,,,,,no_mapped,collaboration
182,France,1,,,,,no_mapped,
183,France,1,,,,,no_mapped,
184,France,0,,,,,no_mapped,communication
184,France,0,,,,,no_mapped,collaboration
185,France,0,,,,,no_mapped,creativity
185,France,0,,,,,no_mapped,collaboration
186,France,1,,,,,no_mapped,collaboration
187,France,1,,,,,no_mapped,communication
188,France,1,,,,,no_mapped,
189,France,1,,,,,no_mapped,
190,France,1,,,,,no_mapped,
191,France,1,,,,,no_mapped,communication
192,France,1,,,,,no_mapped,communication
193,France,1,,,,,no_mapped,communication
194,Germany,1,Data Analyst Finance (m/w/d) in Direktvermittlung,Full-time,On-site,Staffing & Recruiting,no_mapped,analytical skills
195,Italy,1,Data Driven Transformation Specialist,Full-time,Hybrid,Information Technology & Services,no_mapped,communication
196,Czechia,0,Junior Data Analyst,Full-time,Hybrid,Financial Services,no_mapped,flexibility
196,Czechia,0,Junior Data Analyst,Full-time,Hybrid,Financial Services,no_mapped,communication
197,Spain,0,Financial Analyst CIB BL STEERING | BNP Paribas CIB,Full-time,On-site,Financial Services,no_mapped,communication
197,Spain,0,Financial Analyst CIB BL STEERING | BNP Paribas CIB,Full-time,On-site,Financial Services,no_mapped,creativity
198,Portugal,0,Data Analytics,Full-time,On-site,Information Technology & Services,no_mapped,communication
198,Portugal,0,Data Analytics,Full-time,On-site,Information Technology & Services,no_mapped,teamwork
198,Portugal,0,Data Analytics,Full-time,On-site,Information Technology & Services,no_mapped,communication
198,Portugal,0,Data Analytics,Full-time,On-site,Information Technology & Services,no_mapped,attention to detail
198,Portugal,0,Data Analytics,Full-time,On-site,Information Technology & Services,no_mapped,analytical skills
198,Portugal,0,Data Analytics,Full-time,On-site,Information Technology & Services,no_mapped,problem solving
199,France,1,Data analyst - H/F,Full-time,On-site,Hospital & Health Care,no_mapped,collaboration
200,Netherlands,1,Data Analist,Full-time,On-site,Staffing & Recruiting,no_mapped,analytical skills
201,Germany,1,Analyst Data Quality (w/m/d),Full-time,On-site,Financial Services,no_mapped,analytical skills
201,Germany,1,Analyst Data Quality (w/m/d),Full-time,On-site,Financial Services,no_mapped,problem solving
202,Ireland,0,Blue Team Analyst,Full-time,Hybrid,Banking,no_mapped,communication
203,Italy,1,BI ENGINEER,Full-time,On-site,Staffing & Recruiting,no_mapped,
204,Netherlands,0,Quality Control Analyst,Temporary,On-site,Staffing & Recruiting,smt_analyst,communication
204,Netherlands,0,Quality Control Analyst,Temporary,On-site,Staffing & Recruiting,smt_analyst,communication
205,Slovakia,0,Data Collection project - NovÃÂÃÂ© ZÃÂÃÂ¡mky,Part-time,Remote,Information Technology & Services,no_mapped,communication
205,Slovakia,0,Data Collection project - NovÃÂÃÂ© ZÃÂÃÂ¡mky,Part-time,Remote,Information Technology & Services,no_mapped,communication
206,Italy,1,HR Analyst (settore legale),Full-time,Hybrid,Staffing & Recruiting,no_mapped,analytical skills
206,Italy,1,HR Analyst (settore legale),Full-time,Hybrid,Staffing & Recruiting,no_mapped,research skills
207,Italy,1,Data Analyst - Firenze,Full-time,On-site,Staffing & Recruiting,no_mapped,analytical skills
207,Italy,1,Data Analyst - Firenze,Full-time,On-site,Staffing & Recruiting,no_mapped,problem solving
208,France,1,stagiaire Data F/H,Full-time,Hybrid,Airlines/Aviation,no_mapped,communication
208,France,1,stagiaire Data F/H,Full-time,Hybrid,Airlines/Aviation,no_mapped,communication
209,France,1,CDD - Business Analyst - H/F,Full-time,Hybrid,Consumer Electronics,no_mapped,organization skills
209,France,1,CDD - Business Analyst - H/F,Full-time,Hybrid,Consumer Electronics,no_mapped,analytical skills
209,France,1,CDD - Business Analyst - H/F,Full-time,Hybrid,Consumer Electronics,no_mapped,business analysis
210,Croatia,0,Data Analyst,Full-time,On-site,Computer Software,analyst,collaboration
211,France,1,Data Analyst H/F (Flight Sim),Full-time,On-site,Computer Games,no_mapped,
212,Portugal,0,Data Analyst - Team Pricing Intelligence,Full-time,Hybrid,"Leisure, Travel & Tourism",no_mapped,teamwork
212,Portugal,0,Data Analyst - Team Pricing Intelligence,Full-time,Hybrid,"Leisure, Travel & Tourism",no_mapped,business analysis
213,Italy,1,Junior Data Analyst,Full-time,On-site,International Trade & Development,no_mapped,analytical skills
213,Italy,1,Junior Data Analyst,Full-time,On-site,International Trade & Development,no_mapped,time management
213,Italy,1,Junior Data Analyst,Full-time,On-site,International Trade & Development,no_mapped,problem solving
214,Belgium,1,Data Analyst,Full-time,On-site,Staffing & Recruiting,analyst,analytical skills
214,Belgium,1,Data Analyst,Full-time,On-site,Staffing & Recruiting,analyst,problem solving
215,Italy,0,Data Collector - Florence,Part-time,Remote,Information Technology & Services,no_mapped,
216,Spain,1,REPORTING & CONTROLLING,Full-time,Hybrid,Apparel & Fashion,no_mapped,communication
216,Spain,1,REPORTING & CONTROLLING,Full-time,Hybrid,Apparel & Fashion,no_mapped,leadership
216,Spain,1,REPORTING & CONTROLLING,Full-time,Hybrid,Apparel & Fashion,no_mapped,collaboration
216,Spain,1,REPORTING & CONTROLLING,Full-time,Hybrid,Apparel & Fashion,no_mapped,business analysis
217,Netherlands,1,BI Consultant - 's-Hertogenbosch,Full-time,On-site,Staffing & Recruiting,no_mapped,communication
217,Netherlands,1,BI Consultant - 's-Hertogenbosch,Full-time,On-site,Staffing & Recruiting,no_mapped,adaptability
217,Netherlands,1,BI Consultant - 's-Hertogenbosch,Full-time,On-site,Staffing & Recruiting,no_mapped,flexibility
217,Netherlands,1,BI Consultant - 's-Hertogenbosch,Full-time,On-site,Staffing & Recruiting,no_mapped,teamwork
218,Ireland,0,Data Governance Analyst,Contract,On-site,Staffing & Recruiting,no_mapped,communication
219,Portugal,0,CTM Transversal Monitoring Analyst,Full-time,Hybrid,Banking,no_mapped,teamwork
219,Portugal,0,CTM Transversal Monitoring Analyst,Full-time,Hybrid,Banking,no_mapped,creativity
219,Portugal,0,CTM Transversal Monitoring Analyst,Full-time,Hybrid,Banking,no_mapped,collaboration
219,Portugal,0,CTM Transversal Monitoring Analyst,Full-time,Hybrid,Banking,no_mapped,attention to detail
219,Portugal,0,CTM Transversal Monitoring Analyst,Full-time,Hybrid,Banking,no_mapped,communication
219,Portugal,0,CTM Transversal Monitoring Analyst,Full-time,Hybrid,Banking,no_mapped,analytical skills
219,Portugal,0,CTM Transversal Monitoring Analyst,Full-time,Hybrid,Banking,no_mapped,critical thinking
219,Portugal,0,CTM Transversal Monitoring Analyst,Full-time,Hybrid,Banking,no_mapped,teamwork
219,Portugal,0,CTM Transversal Monitoring Analyst,Full-time,Hybrid,Banking,no_mapped,negotiation
220,Portugal,0,STDA Data Analyst Officer,Full-time,Hybrid,Financial Services,no_mapped,teamwork
220,Portugal,0,STDA Data Analyst Officer,Full-time,Hybrid,Financial Services,no_mapped,creativity
220,Portugal,0,STDA Data Analyst Officer,Full-time,Hybrid,Financial Services,no_mapped,collaboration
221,Germany,0,Junior Business Analyst (m/f/d),Full-time,On-site,Financial Services,no_mapped,communication
221,Germany,0,Junior Business Analyst (m/f/d),Full-time,On-site,Financial Services,no_mapped,collaboration
221,Germany,0,Junior Business Analyst (m/f/d),Full-time,On-site,Financial Services,no_mapped,business analysis
221,Germany,0,Junior Business Analyst (m/f/d),Full-time,On-site,Financial Services,no_mapped,communication
221,Germany,0,Junior Business Analyst (m/f/d),Full-time,On-site,Financial Services,no_mapped,analytical skills
222,Italy,0,Finance Analyst,Full-time,Hybrid,Entertainment,no_mapped,communication
222,Italy,0,Finance Analyst,Full-time,Hybrid,Entertainment,no_mapped,creativity
222,Italy,0,Finance Analyst,Full-time,Hybrid,Entertainment,no_mapped,organization skills
222,Italy,0,Finance Analyst,Full-time,Hybrid,Entertainment,no_mapped,financial analysis
222,Italy,0,Finance Analyst,Full-time,Hybrid,Entertainment,no_mapped,communication
222,Italy,0,Finance Analyst,Full-time,Hybrid,Entertainment,no_mapped,analytical skills
223,Cyprus,0,Financial Analyst,Full-time,On-site,Accounting,smt_analyst,communication
223,Cyprus,0,Financial Analyst,Full-time,On-site,Accounting,smt_analyst,financial analysis
223,Cyprus,0,Financial Analyst,Full-time,On-site,Accounting,smt_analyst,communication
223,Cyprus,0,Financial Analyst,Full-time,On-site,Accounting,smt_analyst,analytical skills
223,Cyprus,0,Financial Analyst,Full-time,On-site,Accounting,smt_analyst,project management
224,Cyprus,0,Data Analyst,Full-time,Hybrid,Internet,analyst,problem solving
224,Cyprus,0,Data Analyst,Full-time,Hybrid,Internet,analyst,analytical skills
225,Netherlands,1,Data analist,Full-time,On-site,Government Administration,no_mapped,communication
225,Netherlands,1,Data analist,Full-time,On-site,Government Administration,no_mapped,analytical skills
226,Poland,0,"Data Analyst-Python,SQL, JIRA",Contract,On-site,Information Technology & Services,no_mapped,communication
226,Poland,0,"Data Analyst-Python,SQL, JIRA",Contract,On-site,Information Technology & Services,no_mapped,negotiation
226,Poland,0,"Data Analyst-Python,SQL, JIRA",Contract,On-site,Information Technology & Services,no_mapped,communication
227,Sweden,0,Heroes of Data - (April 27th Event),Full-time,On-site,Events Services,no_mapped,
228,Netherlands,1,Power BI Specialist,Full-time,On-site,Staffing & Recruiting,no_mapped,
229,Netherlands,1,Data Assistant,Full-time,On-site,Computer Software,analyst,communication
229,Netherlands,1,Data Assistant,Full-time,On-site,Computer Software,analyst,communication
229,Netherlands,1,Data Assistant,Full-time,On-site,Computer Software,analyst,analytical skills
230,France,1,Data Analyst (H/F),Full-time,On-site,Staffing & Recruiting,no_mapped,
231,Romania,0,Data Analyst,Full-time,On-site,Financial Services,analyst,
232,Germany,0,Data Analyst EV Charging,Full-time,On-site,Automotive,no_mapped,communication
232,Germany,0,Data Analyst EV Charging,Full-time,On-site,Automotive,no_mapped,flexibility
232,Germany,0,Data Analyst EV Charging,Full-time,On-site,Automotive,no_mapped,communication
232,Germany,0,Data Analyst EV Charging,Full-time,On-site,Automotive,no_mapped,analytical skills
233,Ireland,0,Test Analyst,Full-time,On-site,Information Technology & Services,smt_analyst,
234,Italy,0,BI Analyst,Full-time,Hybrid,Information Technology & Services,no_mapped,flexibility
235,Italy,0,Italy & Iberia Finance Analyst (H/F),Full-time,Hybrid,Food & Beverages,no_mapped,budgeting
236,Lithuania,0,Data Collection Specialist - Alytus,Part-time,Remote,Information Technology & Services,no_mapped,communication
236,Lithuania,0,Data Collection Specialist - Alytus,Part-time,Remote,Information Technology & Services,no_mapped,communication
237,France,1,Data Analyst H/F,Full-time,On-site,Human Resources,no_mapped,data storytelling
237,France,1,Data Analyst H/F,Full-time,On-site,Human Resources,no_mapped,problem solving
238,Czechia,0,Data Specialist I,Full-time,Hybrid,Banking,no_mapped,analytical skills
239,Italy,1,Quality Control Analyst - Finished Good,Full-time,Hybrid,Information Technology & Services,no_mapped,data integrity
239,Italy,1,Quality Control Analyst - Finished Good,Full-time,Hybrid,Information Technology & Services,no_mapped,analytical skills
240,Portugal,0,Finance Analyst,Contract,On-site,Financial Services,no_mapped,critical thinking
240,Portugal,0,Finance Analyst,Contract,On-site,Financial Services,no_mapped,problem solving
240,Portugal,0,Finance Analyst,Contract,On-site,Financial Services,no_mapped,budgeting
240,Portugal,0,Finance Analyst,Contract,On-site,Financial Services,no_mapped,analytical skills
240,Portugal,0,Finance Analyst,Contract,On-site,Financial Services,no_mapped,financial analysis
241,Netherlands,1,Word data analist bij KPN in Amersfoort en Amsterdam,Full-time,On-site,Human Resources,no_mapped,analytical skills
242,Netherlands,1,Data Traineeship bij LeasePlan,Full-time,Hybrid,Information Technology & Services,no_mapped,
243,Bulgaria,0,Data Science Analyst / Consultant,Full-time,On-site,Management Consulting,no_mapped,communication
243,Bulgaria,0,Data Science Analyst / Consultant,Full-time,On-site,Management Consulting,no_mapped,communication
244,Czechia,1,Junior Business Analyst- podpora prodeje,Full-time,On-site,Human Resources,no_mapped,business analysis
244,Czechia,1,Junior Business Analyst- podpora prodeje,Full-time,On-site,Human Resources,no_mapped,analytical skills
244,Czechia,1,Junior Business Analyst- podpora prodeje,Full-time,On-site,Human Resources,no_mapped,requirements gathering
245,Belgium,1,Data analist,Full-time,On-site,Human Resources,no_mapped,problem solving
245,Belgium,1,Data analist,Full-time,On-site,Human Resources,no_mapped,analytical skills
246,Italy,1,Power BI,Full-time,Hybrid,Information Technology & Services,no_mapped,leadership
246,Italy,1,Power BI,Full-time,Hybrid,Information Technology & Services,no_mapped,collaboration
246,Italy,1,Power BI,Full-time,Hybrid,Information Technology & Services,no_mapped,flexibility
247,Slovakia,0,Data Collection - PreÃÂÃÂ¡ov,Part-time,Remote,Information Technology & Services,no_mapped,communication
247,Slovakia,0,Data Collection - PreÃÂÃÂ¡ov,Part-time,Remote,Information Technology & Services,no_mapped,communication
248,Italy,0,Data Collection - Greater Bologna,Part-time,Remote,Information Technology & Services,no_mapped,communication
248,Italy,0,Data Collection - Greater Bologna,Part-time,Remote,Information Technology & Services,no_mapped,communication
249,Spain,1,Analyst,Full-time,On-site,Pharmaceuticals,analyst,
250,Poland,0,SAP Data Analyst,Full-time,On-site,Staffing & Recruiting,no_mapped,
251,Portugal,0,Data Analyst & Operations Manager,Full-time,Hybrid,Apparel & Fashion,no_mapped,teamwork
251,Portugal,0,Data Analyst & Operations Manager,Full-time,Hybrid,Apparel & Fashion,no_mapped,analytical skills
252,Italy,1,"Analyst, Finance",Full-time,Hybrid,Computer Software,no_mapped,leadership
252,Italy,1,"Analyst, Finance",Full-time,Hybrid,Computer Software,no_mapped,problem solving
252,Italy,1,"Analyst, Finance",Full-time,Hybrid,Computer Software,no_mapped,budgeting
253,France,1,Analyste CISO H/F,Full-time,On-site,Banking,no_mapped,customer service
254,Poland,0,Data Analyst,Full-time,On-site,Financial Services,analyst,communication
254,Poland,0,Data Analyst,Full-time,On-site,Financial Services,analyst,communication
254,Poland,0,Data Analyst,Full-time,On-site,Financial Services,analyst,problem solving
254,Poland,0,Data Analyst,Full-time,On-site,Financial Services,analyst,analytical skills
255,Spain,1,Analista Data Science (H/M/X),Full-time,Hybrid,Information Technology & Services,no_mapped,flexibility
255,Spain,1,Analista Data Science (H/M/X),Full-time,Hybrid,Information Technology & Services,no_mapped,problem solving
256,Poland,0,PowerBI Analyst,Full-time,Hybrid,Information Technology & Services,no_mapped,collaboration
257,France,1,Data and Performance marketing manager H/F,Full-time,On-site,Airlines/Aviation,no_mapped,communication
257,France,1,Data and Performance marketing manager H/F,Full-time,On-site,Airlines/Aviation,no_mapped,communication
258,Italy,1,Analista funzionale,Full-time,Hybrid,Banking,no_mapped,
259,France,1,Data Analyst H/F,Full-time,On-site,Information Technology & Services,no_mapped,
260,Malta,0,Big Data BI Engineer,Full-time,Remote,Gambling & Casinos,no_mapped,
261,Germany,0,Business Intelligence Engineer (f/m/d),Full-time,On-site,Information Technology & Services,no_mapped,
262,Germany,1,SALES DATA / INSIGHTS ANALYST,Full-time,Hybrid,Staffing & Recruiting,no_mapped,analytical skills
263,Netherlands,0,Sustainability Reporting Specialist,Full-time,On-site,Consumer Electronics,no_mapped,communication
263,Netherlands,0,Sustainability Reporting Specialist,Full-time,On-site,Consumer Electronics,no_mapped,flexibility
263,Netherlands,0,Sustainability Reporting Specialist,Full-time,On-site,Consumer Electronics,no_mapped,project management
264,Austria,1,Business Intelligence Analyst (m/w/d),Full-time,On-site,Financial Services,no_mapped,
265,Portugal,0,PT Compliance Hub - Data Analyst,Full-time,Hybrid,Financial Services,no_mapped,teamwork
265,Portugal,0,PT Compliance Hub - Data Analyst,Full-time,Hybrid,Financial Services,no_mapped,creativity
265,Portugal,0,PT Compliance Hub - Data Analyst,Full-time,Hybrid,Financial Services,no_mapped,collaboration
265,Portugal,0,PT Compliance Hub - Data Analyst,Full-time,Hybrid,Financial Services,no_mapped,problem solving
266,Poland,0,Research Analyst (Russian),Full-time,On-site,Research,no_mapped,leadership
267,France,0,Data Analyst Specialist - Entry level,Full-time,On-site,Management Consulting,no_mapped,
268,Ireland,0,UAT Test Analyst,Temporary,On-site,Information Technology & Services,no_mapped,flexibility
269,Netherlands,1,Data-Analist,Full-time,On-site,Staffing & Recruiting,no_mapped,communication
269,Netherlands,1,Data-Analist,Full-time,On-site,Staffing & Recruiting,no_mapped,organization skills
269,Netherlands,1,Data-Analist,Full-time,On-site,Staffing & Recruiting,no_mapped,analytical skills
270,Netherlands,0,Threat Intelligence Analyst,Full-time,On-site,Computer & Network Security,no_mapped,critical thinking
270,Netherlands,0,Threat Intelligence Analyst,Full-time,On-site,Computer & Network Security,no_mapped,communication
271,Germany,1,Data Science Analyst (m/w/d),Full-time,On-site,Wholesale,no_mapped,communication
272,France,1,Data Analyst H/F,Full-time,On-site,Human Resources,no_mapped,problem solving
272,France,1,Data Analyst H/F,Full-time,On-site,Human Resources,no_mapped,business analysis
273,Hungary,0,Energy Data Analyst,Full-time,On-site,Oil & Energy,no_mapped,communication
273,Hungary,0,Energy Data Analyst,Full-time,On-site,Oil & Energy,no_mapped,collaboration
273,Hungary,0,Energy Data Analyst,Full-time,On-site,Oil & Energy,no_mapped,problem solving
273,Hungary,0,Energy Data Analyst,Full-time,On-site,Oil & Energy,no_mapped,communication
273,Hungary,0,Energy Data Analyst,Full-time,On-site,Oil & Energy,no_mapped,analytical skills
274,Spain,0,Data Analyst (Customer Experience),Full-time,Hybrid,Human Resources,no_mapped,
275,Germany,1,Businesss Intelligence Analyst (m/w/d),Temporary,Hybrid,Pharmaceuticals,no_mapped,collaboration
275,Germany,1,Businesss Intelligence Analyst (m/w/d),Temporary,Hybrid,Pharmaceuticals,no_mapped,critical thinking
276,Hungary,0,Junior/Medior Reporting Analyst,Full-time,Hybrid,Information Technology & Services,no_mapped,analytical skills
277,Germany,0,Digital Analyst (f/m/x),Full-time,On-site,Retail,no_mapped,
278,Bulgaria,0,Data Analyst - Payments team,Full-time,On-site,Computer Software,no_mapped,business analysis
278,Bulgaria,0,Data Analyst - Payments team,Full-time,On-site,Computer Software,no_mapped,analytical skills
279,Netherlands,1,Business Intelligence Specialist,Full-time,On-site,Staffing & Recruiting,bi_engineer,
280,France,1,Data Analyst,Full-time,On-site,Information Technology & Services,analyst,problem solving
280,France,1,Data Analyst,Full-time,On-site,Information Technology & Services,analyst,analytical skills
281,Germany,1,(Junior) Digital Analyst:in Conversion Rate Optimization,Full-time,Hybrid,Retail,no_mapped,data storytelling
282,France,1,Data Analyst - Pessac,Full-time,Hybrid,Human Resources,no_mapped,analytical skills
282,France,1,Data Analyst - Pessac,Full-time,Hybrid,Human Resources,no_mapped,problem solving
283,Greece,0,Financial Analyst,Full-time,On-site,Investment Management,smt_analyst,communication
283,Greece,0,Financial Analyst,Full-time,On-site,Investment Management,smt_analyst,financial analysis
283,Greece,0,Financial Analyst,Full-time,On-site,Investment Management,smt_analyst,analytical skills
283,Greece,0,Financial Analyst,Full-time,On-site,Investment Management,smt_analyst,leadership
284,Poland,0,Data Analyst (They/She/He),Full-time,On-site,Consumer Services,no_mapped,communication
284,Poland,0,Data Analyst (They/She/He),Full-time,On-site,Consumer Services,no_mapped,analytical skills
285,Sweden,1,BI-Specialist,Full-time,Hybrid,Information Technology & Services,no_mapped,
286,Netherlands,0,Agricultural Data Specialist,Full-time,On-site,Computer Software,no_mapped,
287,Spain,0,Operations Data Analyst,Full-time,On-site,Computer Software,no_mapped,communication
287,Spain,0,Operations Data Analyst,Full-time,On-site,Computer Software,no_mapped,communication
288,Germany,1,Analyst (gn) Pay Control Center,Full-time,On-site,Staffing & Recruiting,no_mapped,communication
288,Germany,1,Analyst (gn) Pay Control Center,Full-time,On-site,Staffing & Recruiting,no_mapped,negotiation
288,Germany,1,Analyst (gn) Pay Control Center,Full-time,On-site,Staffing & Recruiting,no_mapped,analytical skills
289,Sweden,0,Digital Analyst,Full-time,On-site,Management Consulting,smt_analyst,collaboration
289,Sweden,0,Digital Analyst,Full-time,On-site,Management Consulting,smt_analyst,flexibility
289,Sweden,0,Digital Analyst,Full-time,On-site,Management Consulting,smt_analyst,business analysis
290,Hungary,0,Finance Analyst / Accountant (entry level) - Future Opportunity,Full-time,On-site,Machinery,no_mapped,data integrity
290,Hungary,0,Finance Analyst / Accountant (entry level) - Future Opportunity,Full-time,On-site,Machinery,no_mapped,communication
291,France,0,Business Data Analyst,Full-time,On-site,Computer Software,bi_engineer,communication
291,France,0,Business Data Analyst,Full-time,On-site,Computer Software,bi_engineer,communication
291,France,0,Business Data Analyst,Full-time,On-site,Computer Software,bi_engineer,analytical skills
292,Germany,1,Data Analyst (m/w/d),Full-time,Hybrid,Staffing & Recruiting,no_mapped,
293,France,1,Analyst Financier IT (Reporting) H/F,Full-time,On-site,Staffing & Recruiting,no_mapped,interpersonal skills
293,France,1,Analyst Financier IT (Reporting) H/F,Full-time,On-site,Staffing & Recruiting,no_mapped,organization skills
294,Spain,1,Data Analyst,Full-time,Remote,Retail,analyst,problem solving
294,Spain,1,Data Analyst,Full-time,Remote,Retail,analyst,analytical skills
295,Netherlands,1,Stafadviseur Data,Full-time,On-site,Military,no_mapped,analytical skills
296,Netherlands,1,(Junior) Business Analyst,Full-time,Hybrid,Management Consulting,no_mapped,financial analysis
296,Netherlands,1,(Junior) Business Analyst,Full-time,Hybrid,Management Consulting,no_mapped,written communication
297,Italy,1,Controller Data Analyst,Full-time,On-site,Staffing & Recruiting,no_mapped,problem solving
297,Italy,1,Controller Data Analyst,Full-time,On-site,Staffing & Recruiting,no_mapped,analytical skills
298,Ireland,0,Culinary Data Assistant (FTC),Full-time,On-site,Facilities Services,no_mapped,communication
298,Ireland,0,Culinary Data Assistant (FTC),Full-time,On-site,Facilities Services,no_mapped,collaboration
299,Ireland,0,Performance Analyst,Full-time,Hybrid,Entertainment,smt_analyst,communication
299,Ireland,0,Performance Analyst,Full-time,Hybrid,Entertainment,smt_analyst,analytical skills
300,Belgium,0,Data Insight Analyst,Full-time,On-site,Staffing & Recruiting,no_mapped,problem solving
300,Belgium,0,Data Insight Analyst,Full-time,On-site,Staffing & Recruiting,no_mapped,analytical skills
301,Netherlands,0,Data Analyst E-commerce,Full-time,Hybrid,Wholesale,no_mapped,communication
302,Ireland,0,Test Analyst,Contract,Hybrid,Information Technology & Services,smt_analyst,
303,France,1,Alternance - Data analyst- H/F,Full-time,On-site,Banking,no_mapped,communication
303,France,1,Alternance - Data analyst- H/F,Full-time,On-site,Banking,no_mapped,communication
304,France,1,DATA ANALYST (H/F),Full-time,On-site,Banking,no_mapped,
305,Portugal,0,Data Annotation Specialist,Full-time,On-site,Computer Software,no_mapped,communication
305,Portugal,0,Data Annotation Specialist,Full-time,On-site,Computer Software,no_mapped,attention to detail
305,Portugal,0,Data Annotation Specialist,Full-time,On-site,Computer Software,no_mapped,problem solving
306,Netherlands,1,Data Analist,Full-time,On-site,Transportation/Trucking/Railroad,no_mapped,analytical skills
307,Germany,1,Data Analyst (m/w/d) Luftverkehrsstatistik am Flughafen Frankfurt,Full-time,Hybrid,Airlines/Aviation,no_mapped,analytical skills
307,Germany,1,Data Analyst (m/w/d) Luftverkehrsstatistik am Flughafen Frankfurt,Full-time,Hybrid,Airlines/Aviation,no_mapped,problem solving
308,Germany,0,Quality Control Analyst (m/f/d),Full-time,On-site,Pharmaceuticals,no_mapped,collaboration
309,Portugal,0,Publication Analyst - Americas Scope,Full-time,Hybrid,Banking,no_mapped,communication
309,Portugal,0,Publication Analyst - Americas Scope,Full-time,Hybrid,Banking,no_mapped,creativity
309,Portugal,0,Publication Analyst - Americas Scope,Full-time,Hybrid,Banking,no_mapped,collaboration
309,Portugal,0,Publication Analyst - Americas Scope,Full-time,Hybrid,Banking,no_mapped,problem solving
309,Portugal,0,Publication Analyst - Americas Scope,Full-time,Hybrid,Banking,no_mapped,communication
309,Portugal,0,Publication Analyst - Americas Scope,Full-time,Hybrid,Banking,no_mapped,analytical skills
310,France,1,data analyst,Full-time,On-site,Information Technology & Services,no_mapped,communication
310,France,1,data analyst,Full-time,On-site,Information Technology & Services,no_mapped,collaboration
310,France,1,data analyst,Full-time,On-site,Information Technology & Services,no_mapped,communication
310,France,1,data analyst,Full-time,On-site,Information Technology & Services,no_mapped,problem solving
310,France,1,data analyst,Full-time,On-site,Information Technology & Services,no_mapped,analytical skills
311,Germany,1,SQL/Data Analyst (m/w/d),Full-time,On-site,Pharmaceuticals,no_mapped,problem solving
312,Italy,1,Business Data Analyst,Full-time,On-site,Apparel & Fashion,bi_engineer,analytical skills
313,Italy,0,Business Intelligence Data Engineer,Full-time,On-site,Mechanical Or Industrial Engineering,no_mapped,leadership
313,Italy,0,Business Intelligence Data Engineer,Full-time,On-site,Mechanical Or Industrial Engineering,no_mapped,flexibility
314,Spain,1,Analista de datos CRM,Full-time,Hybrid,Staffing & Recruiting,no_mapped,analytical skills
314,Spain,1,Analista de datos CRM,Full-time,Hybrid,Staffing & Recruiting,no_mapped,problem solving
315,France,1,Analyste CO2 dÃÂÃÂ©butant H/F,Contract,On-site,Oil & Energy,no_mapped,collaboration
315,France,1,Analyste CO2 dÃÂÃÂ©butant H/F,Contract,On-site,Oil & Energy,no_mapped,project management
316,Ireland,0,TR2023578 & TN2023237 - Grade VII - Data Subject Rights Requests (DSRR) Lead,Full-time,On-site,Hospital & Health Care,no_mapped,analytical skills
316,Ireland,0,TR2023578 & TN2023237 - Grade VII - Data Subject Rights Requests (DSRR) Lead,Full-time,On-site,Hospital & Health Care,no_mapped,research skills
317,Italy,0,Data Collection project - Greater Modena,Part-time,Remote,Information Technology & Services,no_mapped,communication
317,Italy,0,Data Collection project - Greater Modena,Part-time,Remote,Information Technology & Services,no_mapped,communication
318,Germany,1,Data Analyst / Mathematiker / Statistiker (m/w/d),Full-time,On-site,Information Technology & Services,no_mapped,problem solving
319,Spain,1,Digital Analyst,Full-time,Hybrid,Marketing & Advertising,smt_analyst,marketing
320,Spain,1,Business intelligence,Full-time,Hybrid,Information Technology & Services,no_mapped,
321,Germany,1,Data Analyst (m/w/d),Full-time,Hybrid,Automotive,no_mapped,
322,Lithuania,0,Data Collection Specialist - Vilnius,Part-time,Remote,Information Technology & Services,no_mapped,communication
322,Lithuania,0,Data Collection Specialist - Vilnius,Part-time,Remote,Information Technology & Services,no_mapped,communication
323,Portugal,0,Data Analyst,Full-time,Hybrid,Computer Software,analyst,
324,France,1,Creative Data Analyst - CDD,Full-time,On-site,Luxury Goods & Jewelry,no_mapped,analytical skills
325,France,0,HR Data Analyst,Full-time,On-site,Logistics & Supply Chain,no_mapped,communication
325,France,0,HR Data Analyst,Full-time,On-site,Logistics & Supply Chain,no_mapped,organization skills
325,France,0,HR Data Analyst,Full-time,On-site,Logistics & Supply Chain,no_mapped,communication
325,France,0,HR Data Analyst,Full-time,On-site,Logistics & Supply Chain,no_mapped,analytical skills
326,Italy,1,Junior Business Analyst,Full-time,On-site,Information Technology & Services,bi_engineer,business analysis
326,Italy,1,Junior Business Analyst,Full-time,On-site,Information Technology & Services,bi_engineer,analytical skills
326,Italy,1,Junior Business Analyst,Full-time,On-site,Information Technology & Services,bi_engineer,problem solving
326,Italy,1,Junior Business Analyst,Full-time,On-site,Information Technology & Services,bi_engineer,requirements gathering
327,France,1,Data Analyst H/F,Full-time,On-site,Management Consulting,no_mapped,
328,France,1,STAGE - DATA ANALYST MARKETING F/H,Full-time,Hybrid,Computer Software,no_mapped,analytical skills
328,France,1,STAGE - DATA ANALYST MARKETING F/H,Full-time,Hybrid,Computer Software,no_mapped,problem solving
329,France,1,Genetic Data Analyst (H/F),Full-time,On-site,Farming,no_mapped,communication
329,France,1,Genetic Data Analyst (H/F),Full-time,On-site,Farming,no_mapped,collaboration
329,France,1,Genetic Data Analyst (H/F),Full-time,On-site,Farming,no_mapped,data integrity
329,France,1,Genetic Data Analyst (H/F),Full-time,On-site,Farming,no_mapped,communication
330,Latvia,0,Junior Data Analyst,Full-time,On-site,Staffing & Recruiting,no_mapped,communication
330,Latvia,0,Junior Data Analyst,Full-time,On-site,Staffing & Recruiting,no_mapped,leadership
330,Latvia,0,Junior Data Analyst,Full-time,On-site,Staffing & Recruiting,no_mapped,project management
331,France,1,Digital Analyst Marketing Acquisition - Boursorama-(H/F),Full-time,Hybrid,Financial Services,no_mapped,communication
331,France,1,Digital Analyst Marketing Acquisition - Boursorama-(H/F),Full-time,Hybrid,Financial Services,no_mapped,marketing
332,Czechia,1,Data Analyst,Full-time,Hybrid,Information Technology & Services,analyst,problem solving
332,Czechia,1,Data Analyst,Full-time,Hybrid,Information Technology & Services,analyst,analytical skills
333,France,1,Assistant Business Analyst et Demand Planning,Full-time,On-site,Apparel & Fashion,no_mapped,communication
333,France,1,Assistant Business Analyst et Demand Planning,Full-time,On-site,Apparel & Fashion,no_mapped,collaboration
333,France,1,Assistant Business Analyst et Demand Planning,Full-time,On-site,Apparel & Fashion,no_mapped,business analysis
333,France,1,Assistant Business Analyst et Demand Planning,Full-time,On-site,Apparel & Fashion,no_mapped,communication
333,France,1,Assistant Business Analyst et Demand Planning,Full-time,On-site,Apparel & Fashion,no_mapped,analytical skills
334,Germany,0,Financial Analyst (m/f/d),Full-time,On-site,Renewables & Environment,no_mapped,financial planning
334,Germany,0,Financial Analyst (m/f/d),Full-time,On-site,Renewables & Environment,no_mapped,communication
335,Ireland,0,Data Specialist,Full-time,On-site,Staffing & Recruiting,analyst,analytical skills
336,Poland,0,Junior Data Governance Specialist,Full-time,On-site,Management Consulting,no_mapped,communication
336,Poland,0,Junior Data Governance Specialist,Full-time,On-site,Management Consulting,no_mapped,flexibility
337,Spain,0,Junior Financial Analyst,Full-time,On-site,Financial Services,smt_analyst,creativity
337,Spain,0,Junior Financial Analyst,Full-time,On-site,Financial Services,smt_analyst,communication
337,Spain,0,Junior Financial Analyst,Full-time,On-site,Financial Services,smt_analyst,attention to detail
338,Portugal,1,Data Analyst (M/F),Full-time,Hybrid,Information Technology & Services,no_mapped,
339,Netherlands,1,Traineeship Data Analist omgeving Breda,Contract,On-site,Staffing & Recruiting,no_mapped,analytical skills
340,Lithuania,0,Agricultural Data Collector (Lithuania),Part-time,Remote,Farming,no_mapped,communication
341,Portugal,0,Analyst developer (AS/400),Full-time,On-site,Information Technology & Services,no_mapped,communication
341,Portugal,0,Analyst developer (AS/400),Full-time,On-site,Information Technology & Services,no_mapped,teamwork
341,Portugal,0,Analyst developer (AS/400),Full-time,On-site,Information Technology & Services,no_mapped,attention to detail
341,Portugal,0,Analyst developer (AS/400),Full-time,On-site,Information Technology & Services,no_mapped,communication
341,Portugal,0,Analyst developer (AS/400),Full-time,On-site,Information Technology & Services,no_mapped,analytical skills
341,Portugal,0,Analyst developer (AS/400),Full-time,On-site,Information Technology & Services,no_mapped,problem solving
342,Austria,1,Analyst:in,Full-time,On-site,Banking,no_mapped,communication
342,Austria,1,Analyst:in,Full-time,On-site,Banking,no_mapped,analytical skills
342,Austria,1,Analyst:in,Full-time,On-site,Banking,no_mapped,negotiation
343,Portugal,0,Data Analytics Specialist,Full-time,On-site,Human Resources,no_mapped,analytical skills
344,Ireland,0,"NRS13858 Grade VII, QPS Analyst - Amended",Full-time,On-site,Hospital & Health Care,no_mapped,flexibility
344,Ireland,0,"NRS13858 Grade VII, QPS Analyst - Amended",Full-time,On-site,Hospital & Health Care,no_mapped,communication
344,Ireland,0,"NRS13858 Grade VII, QPS Analyst - Amended",Full-time,On-site,Hospital & Health Care,no_mapped,analytical skills
344,Ireland,0,"NRS13858 Grade VII, QPS Analyst - Amended",Full-time,On-site,Hospital & Health Care,no_mapped,negotiation
344,Ireland,0,"NRS13858 Grade VII, QPS Analyst - Amended",Full-time,On-site,Hospital & Health Care,no_mapped,marketing
344,Ireland,0,"NRS13858 Grade VII, QPS Analyst - Amended",Full-time,On-site,Hospital & Health Care,no_mapped,research skills
344,Ireland,0,"NRS13858 Grade VII, QPS Analyst - Amended",Full-time,On-site,Hospital & Health Care,no_mapped,teamwork
345,Italy,1,Data Analyst - Stage - Pregnana Milanese,Full-time,On-site,Marketing & Advertising,no_mapped,marketing
345,Italy,1,Data Analyst - Stage - Pregnana Milanese,Full-time,On-site,Marketing & Advertising,no_mapped,analytical skills
345,Italy,1,Data Analyst - Stage - Pregnana Milanese,Full-time,On-site,Marketing & Advertising,no_mapped,research skills
346,Poland,1,Analityk Danych,Full-time,On-site,Staffing & Recruiting,no_mapped,problem solving
346,Poland,1,Analityk Danych,Full-time,On-site,Staffing & Recruiting,no_mapped,business analysis
346,Poland,1,Analityk Danych,Full-time,On-site,Staffing & Recruiting,no_mapped,analytical skills
347,France,1,Stage - Operations Planification & Data Analyst (H/F),Full-time,On-site,Computer Software,no_mapped,problem solving
348,Spain,0,QA Analyst,Full-time,Remote,Gambling & Casinos,no_mapped,communication
348,Spain,0,QA Analyst,Full-time,Remote,Gambling & Casinos,no_mapped,collaboration
348,Spain,0,QA Analyst,Full-time,Remote,Gambling & Casinos,no_mapped,communication
349,Ireland,0,Quality Control Analyst,Contract,On-site,Staffing & Recruiting,smt_analyst,
350,Spain,0,Analyst Agency Participation,Contract,On-site,Airlines/Aviation,no_mapped,collaboration
350,Spain,0,Analyst Agency Participation,Contract,On-site,Airlines/Aviation,no_mapped,communication
351,Germany,1,Data Analyst (w/m/d) - Kurse,Full-time,On-site,Staffing & Recruiting,no_mapped,analytical skills
351,Germany,1,Data Analyst (w/m/d) - Kurse,Full-time,On-site,Staffing & Recruiting,no_mapped,problem solving
352,Malta,0,Data Analyst,Full-time,Hybrid,Gambling & Casinos,analyst,problem solving
352,Malta,0,Data Analyst,Full-time,Hybrid,Gambling & Casinos,analyst,communication
352,Malta,0,Data Analyst,Full-time,Hybrid,Gambling & Casinos,analyst,interpersonal skills
352,Malta,0,Data Analyst,Full-time,Hybrid,Gambling & Casinos,analyst,analytical skills
352,Malta,0,Data Analyst,Full-time,Hybrid,Gambling & Casinos,analyst,attention to detail
353,Belgium,0,Data Analyst,Contract,Hybrid,Staffing & Recruiting,analyst,analytical skills
354,Italy,1,Business Intelligence Specialist,Full-time,On-site,Information Technology & Services,bi_engineer,leadership
355,Ireland,0,Data Analyst,Full-time,On-site,Computer Software,analyst,communication
355,Ireland,0,Data Analyst,Full-time,On-site,Computer Software,analyst,communication
355,Ireland,0,Data Analyst,Full-time,On-site,Computer Software,analyst,analytical skills
356,Poland,1,Analityk Danych / Data Sciencist,Full-time,Hybrid,Retail,no_mapped,
357,France,1,Data Analyst Reporting(F/H),Full-time,On-site,Retail,no_mapped,communication
358,France,1,Data Analyst F/H - en Alternance,Part-time,On-site,Retail,no_mapped,communication
359,Germany,1,PowerBI / Analytics Experte (m/w/d) (German Speaker),Full-time,Hybrid,Information Technology & Services,no_mapped,
360,France,1,Data Analyst en FiabilitÃÂÃÂ© aÃÂÃÂ©ronautique,Full-time,On-site,Information Technology & Services,no_mapped,communication
360,France,1,Data Analyst en FiabilitÃÂÃÂ© aÃÂÃÂ©ronautique,Full-time,On-site,Information Technology & Services,no_mapped,collaboration
360,France,1,Data Analyst en FiabilitÃÂÃÂ© aÃÂÃÂ©ronautique,Full-time,On-site,Information Technology & Services,no_mapped,communication
360,France,1,Data Analyst en FiabilitÃÂÃÂ© aÃÂÃÂ©ronautique,Full-time,On-site,Information Technology & Services,no_mapped,problem solving
360,France,1,Data Analyst en FiabilitÃÂÃÂ© aÃÂÃÂ©ronautique,Full-time,On-site,Information Technology & Services,no_mapped,analytical skills
361,Spain,0,Business Intelligence (BI) Analyst,Full-time,On-site,Hospitality,no_mapped,communication
361,Spain,0,Business Intelligence (BI) Analyst,Full-time,On-site,Hospitality,no_mapped,leadership
361,Spain,0,Business Intelligence (BI) Analyst,Full-time,On-site,Hospitality,no_mapped,analytical skills
361,Spain,0,Business Intelligence (BI) Analyst,Full-time,On-site,Hospitality,no_mapped,communication
361,Spain,0,Business Intelligence (BI) Analyst,Full-time,On-site,Hospitality,no_mapped,strategic thinking
362,France,1,Data analyst,Full-time,Hybrid,Human Resources,no_mapped,analytical skills
363,Netherlands,1,Data Analist - startersfunctie (Dutch speaking),Full-time,Hybrid,Information Services,no_mapped,analytical skills
364,Germany,1,Business Analyst (m/w/d),Full-time,On-site,Management Consulting,no_mapped,business analysis
364,Germany,1,Business Analyst (m/w/d),Full-time,On-site,Management Consulting,no_mapped,problem solving
364,Germany,1,Business Analyst (m/w/d),Full-time,On-site,Management Consulting,no_mapped,requirements gathering
365,France,1,Data Analyst - H/F - Alternance,Full-time,On-site,Banking,no_mapped,communication
365,France,1,Data Analyst - H/F - Alternance,Full-time,On-site,Banking,no_mapped,communication
366,Poland,0,Data & Analytics Analyst (CN),Full-time,Hybrid,Information Technology & Services,no_mapped,communication
366,Poland,0,Data & Analytics Analyst (CN),Full-time,Hybrid,Information Technology & Services,no_mapped,leadership
367,Italy,1,Junior Business Analyst - Area Gestionale in Cloud,Full-time,On-site,Information Technology & Services,no_mapped,business analysis
367,Italy,1,Junior Business Analyst - Area Gestionale in Cloud,Full-time,On-site,Information Technology & Services,no_mapped,problem solving
367,Italy,1,Junior Business Analyst - Area Gestionale in Cloud,Full-time,On-site,Information Technology & Services,no_mapped,analytical skills
367,Italy,1,Junior Business Analyst - Area Gestionale in Cloud,Full-time,On-site,Information Technology & Services,no_mapped,requirements gathering
368,Ireland,0,Data Analyst,Full-time,On-site,Biotechnology,analyst,communication
368,Ireland,0,Data Analyst,Full-time,On-site,Biotechnology,analyst,communication
368,Ireland,0,Data Analyst,Full-time,On-site,Biotechnology,analyst,data integrity
369,Italy,0,Junior Retail Data Analyst,Full-time,On-site,Apparel & Fashion,no_mapped,communication
369,Italy,0,Junior Retail Data Analyst,Full-time,On-site,Apparel & Fashion,no_mapped,flexibility
369,Italy,0,Junior Retail Data Analyst,Full-time,On-site,Apparel & Fashion,no_mapped,analytical skills
369,Italy,0,Junior Retail Data Analyst,Full-time,On-site,Apparel & Fashion,no_mapped,communication
369,Italy,0,Junior Retail Data Analyst,Full-time,On-site,Apparel & Fashion,no_mapped,interpersonal skills
369,Italy,0,Junior Retail Data Analyst,Full-time,On-site,Apparel & Fashion,no_mapped,problem solving
370,Italy,0,Finance Analyst - Renewable Energy - Milan,Full-time,Hybrid,Staffing & Recruiting,no_mapped,communication
370,Italy,0,Finance Analyst - Renewable Energy - Milan,Full-time,Hybrid,Staffing & Recruiting,no_mapped,attention to detail
371,France,1,Alternant Data Analyst H/F - Alternance 12 mois.,Part-time,On-site,Banking,no_mapped,communication
371,France,1,Alternant Data Analyst H/F - Alternance 12 mois.,Part-time,On-site,Banking,no_mapped,communication
372,Spain,0,German Language Data Analyst,Full-time,On-site,Translation & Localization,no_mapped,analytical skills
373,Ireland,0,Business Intelligence Engineer,Full-time,On-site,Information Technology & Services,bi_engineer,communication
373,Ireland,0,Business Intelligence Engineer,Full-time,On-site,Information Technology & Services,bi_engineer,teamwork
373,Ireland,0,Business Intelligence Engineer,Full-time,On-site,Information Technology & Services,bi_engineer,problem solving
373,Ireland,0,Business Intelligence Engineer,Full-time,On-site,Information Technology & Services,bi_engineer,communication
374,Germany,1,Data Analyst (m/w/d),Full-time,Hybrid,Telecommunications,no_mapped,
375,France,1,Business Analyst Risque de CrÃÂÃÂ©dit F/H,Full-time,On-site,Management Consulting,no_mapped,
376,Italy,0,Financial Analyst,Full-time,Hybrid,Public Safety,smt_analyst,communication
376,Italy,0,Financial Analyst,Full-time,Hybrid,Public Safety,smt_analyst,teamwork
376,Italy,0,Financial Analyst,Full-time,Hybrid,Public Safety,smt_analyst,leadership
377,Romania,0,Finance Analyst,Full-time,On-site,Electrical & Electronic Manufacturing,no_mapped,leadership
378,Germany,1,Analyst im Bereich Finance & Investments,Full-time,Hybrid,Oil & Energy,no_mapped,analytical skills
378,Germany,1,Analyst im Bereich Finance & Investments,Full-time,Hybrid,Oil & Energy,no_mapped,financial analysis
379,Sweden,0,Data Analyst,Full-time,On-site,Events Services,analyst,communication
379,Sweden,0,Data Analyst,Full-time,On-site,Events Services,analyst,communication
379,Sweden,0,Data Analyst,Full-time,On-site,Events Services,analyst,problem solving
380,Spain,1,Analista de Datos (Madrid),Full-time,Hybrid,Civil Engineering,no_mapped,analytical skills
381,Portugal,1,Business Intelligence,Full-time,Hybrid,Management Consulting,no_mapped,communication
381,Portugal,1,Business Intelligence,Full-time,Hybrid,Management Consulting,no_mapped,teamwork
381,Portugal,1,Business Intelligence,Full-time,Hybrid,Management Consulting,no_mapped,leadership
381,Portugal,1,Business Intelligence,Full-time,Hybrid,Management Consulting,no_mapped,collaboration
381,Portugal,1,Business Intelligence,Full-time,Hybrid,Management Consulting,no_mapped,flexibility
381,Portugal,1,Business Intelligence,Full-time,Hybrid,Management Consulting,no_mapped,analytical skills
382,Portugal,0,Web Analytics Specialist,Full-time,On-site,Human Resources,no_mapped,analytical skills
383,France,0,Data Analyst M / F,Full-time,Remote,Computer Software,no_mapped,
384,Spain,1,Business Analyst | Perfil Equipo Payments,Full-time,Hybrid,Information Technology & Services,no_mapped,communication
384,Spain,1,Business Analyst | Perfil Equipo Payments,Full-time,Hybrid,Information Technology & Services,no_mapped,business analysis
385,France,1,Business data analyst,Full-time,Hybrid,Computer Software,no_mapped,teamwork
385,France,1,Business data analyst,Full-time,Hybrid,Computer Software,no_mapped,adaptability
385,France,1,Business data analyst,Full-time,Hybrid,Computer Software,no_mapped,business analysis
386,Germany,0,Financial Analyst (m/w/d),Full-time,On-site,Machinery,no_mapped,financial analysis
387,Malta,0,Performance Marketing Analyst (m/f/d),Full-time,On-site,Gambling & Casinos,no_mapped,communication
387,Malta,0,Performance Marketing Analyst (m/f/d),Full-time,On-site,Gambling & Casinos,no_mapped,marketing
388,Cyprus,0,Antifraud Analyst,Full-time,Hybrid,Computer Software,no_mapped,communication
388,Cyprus,0,Antifraud Analyst,Full-time,Hybrid,Computer Software,no_mapped,analytical skills
388,Cyprus,0,Antifraud Analyst,Full-time,Hybrid,Computer Software,no_mapped,communication
389,Germany,1,Data Analyst (M/W/D),Full-time,On-site,Information Technology & Services,no_mapped,collaboration
390,Italy,1,Green Data Analyst,Full-time,Hybrid,Transportation/Trucking/Railroad,no_mapped,analytical skills
391,Netherlands,0,Data Analyst,Full-time,On-site,Information Technology & Services,analyst,analytical skills
392,Portugal,0,BI Data Engineer,Full-time,On-site,Medical Device,no_mapped,communication
392,Portugal,0,BI Data Engineer,Full-time,On-site,Medical Device,no_mapped,leadership
393,France,1,Assistant Data Analyst F/H - Alternance,Full-time,On-site,Luxury Goods & Jewelry,no_mapped,communication
393,France,1,Assistant Data Analyst F/H - Alternance,Full-time,On-site,Luxury Goods & Jewelry,no_mapped,creativity
393,France,1,Assistant Data Analyst F/H - Alternance,Full-time,On-site,Luxury Goods & Jewelry,no_mapped,communication
394,Sweden,0,Data Analyst,Full-time,On-site,Computer Software,analyst,analytical skills
395,Slovakia,0,Data Collection project - Michalovce,Part-time,Remote,Information Technology & Services,no_mapped,communication
395,Slovakia,0,Data Collection project - Michalovce,Part-time,Remote,Information Technology & Services,no_mapped,communication
396,Ireland,0,Analytics Platforms & Processes  Analyst,Full-time,On-site,Banking,no_mapped,flexibility
397,Malta,0,Insight Analyst,Full-time,On-site,Staffing & Recruiting,no_mapped,communication
397,Malta,0,Insight Analyst,Full-time,On-site,Staffing & Recruiting,no_mapped,analytical skills
397,Malta,0,Insight Analyst,Full-time,On-site,Staffing & Recruiting,no_mapped,communication
397,Malta,0,Insight Analyst,Full-time,On-site,Staffing & Recruiting,no_mapped,problem solving
398,France,1,Business Analyst Junior en Asset Management H/F,Full-time,On-site,Information Technology & Services,no_mapped,business analysis
398,France,1,Business Analyst Junior en Asset Management H/F,Full-time,On-site,Information Technology & Services,no_mapped,requirements gathering
398,France,1,Business Analyst Junior en Asset Management H/F,Full-time,On-site,Information Technology & Services,no_mapped,problem solving
398,France,1,Business Analyst Junior en Asset Management H/F,Full-time,On-site,Information Technology & Services,no_mapped,analytical skills
399,Belgium,1,Commercial DATA Analyst,Full-time,On-site,Wholesale,no_mapped,collaboration
399,Belgium,1,Commercial DATA Analyst,Full-time,On-site,Wholesale,no_mapped,problem solving
399,Belgium,1,Commercial DATA Analyst,Full-time,On-site,Wholesale,no_mapped,analytical skills
400,Netherlands,1,Data analist Bij Hoogheemraadschap van Delfland,Full-time,On-site,Computer Software,no_mapped,
401,Romania,0,Junior Data Analyst,Full-time,On-site,Electrical & Electronic Manufacturing,no_mapped,communication
401,Romania,0,Junior Data Analyst,Full-time,On-site,Electrical & Electronic Manufacturing,no_mapped,communication
402,Bulgaria,0,Finance Analyst,Full-time,On-site,Computer Software,no_mapped,communication
402,Bulgaria,0,Finance Analyst,Full-time,On-site,Computer Software,no_mapped,leadership
402,Bulgaria,0,Finance Analyst,Full-time,On-site,Computer Software,no_mapped,communication
403,Italy,1,DATA ANALYST_FROSINONE (FR),Part-time,On-site,Staffing & Recruiting,no_mapped,analytical skills
403,Italy,1,DATA ANALYST_FROSINONE (FR),Part-time,On-site,Staffing & Recruiting,no_mapped,problem solving
404,Belgium,0,QC Analyst,Full-time,On-site,Human Resources,no_mapped,analytical skills
405,France,1,Stage - Business Insight Analyst - ÃÂÃÂtudes marketing H/F,Full-time,On-site,Consumer Goods,no_mapped,research skills
405,France,1,Stage - Business Insight Analyst - ÃÂÃÂtudes marketing H/F,Full-time,On-site,Consumer Goods,no_mapped,analytical skills
406,Ireland,0,Data Analyst - Energy,Full-time,On-site,Staffing & Recruiting,no_mapped,communication
406,Ireland,0,Data Analyst - Energy,Full-time,On-site,Staffing & Recruiting,no_mapped,communication
407,Greece,0,Analyst or Associate,Full-time,Hybrid,Financial Services,no_mapped,communication
407,Greece,0,Analyst or Associate,Full-time,Hybrid,Financial Services,no_mapped,financial analysis
407,Greece,0,Analyst or Associate,Full-time,Hybrid,Financial Services,no_mapped,business analysis
407,Greece,0,Analyst or Associate,Full-time,Hybrid,Financial Services,no_mapped,attention to detail
408,Ireland,0,Calculations Analyst,Full-time,Hybrid,Financial Services,no_mapped,communication
408,Ireland,0,Calculations Analyst,Full-time,Hybrid,Financial Services,no_mapped,flexibility
408,Ireland,0,Calculations Analyst,Full-time,Hybrid,Financial Services,no_mapped,problem solving
408,Ireland,0,Calculations Analyst,Full-time,Hybrid,Financial Services,no_mapped,communication
408,Ireland,0,Calculations Analyst,Full-time,Hybrid,Financial Services,no_mapped,analytical skills
408,Ireland,0,Calculations Analyst,Full-time,Hybrid,Financial Services,no_mapped,attention to detail
409,Belgium,0,Junior Business Analyst,Contract,Hybrid,Staffing & Recruiting,bi_engineer,communication
409,Belgium,0,Junior Business Analyst,Contract,Hybrid,Staffing & Recruiting,bi_engineer,collaboration
409,Belgium,0,Junior Business Analyst,Contract,Hybrid,Staffing & Recruiting,bi_engineer,business analysis
409,Belgium,0,Junior Business Analyst,Contract,Hybrid,Staffing & Recruiting,bi_engineer,communication
409,Belgium,0,Junior Business Analyst,Contract,Hybrid,Staffing & Recruiting,bi_engineer,analytical skills
410,Bulgaria,0,Business Analytics Specialist,Full-time,On-site,Human Resources,no_mapped,communication
411,Spain,0,Analytics Specialist,Full-time,Remote,Apparel & Fashion,analyst,communication
412,Netherlands,0,Data Analyst,Full-time,On-site,Hospitality,analyst,communication
412,Netherlands,0,Data Analyst,Full-time,On-site,Hospitality,analyst,leadership
412,Netherlands,0,Data Analyst,Full-time,On-site,Hospitality,analyst,problem solving
412,Netherlands,0,Data Analyst,Full-time,On-site,Hospitality,analyst,communication
412,Netherlands,0,Data Analyst,Full-time,On-site,Hospitality,analyst,analytical skills
413,Sweden,0,Data Analytics + Development: Join Our Geospatial Team Today!,Full-time,Hybrid,Automotive,no_mapped,collaboration
414,Netherlands,0,Data Expert,Contract,On-site,Staffing & Recruiting,no_mapped,collaboration
415,Belgium,1,Data Analyst | Trilations,Full-time,Hybrid,Staffing & Recruiting,no_mapped,problem solving
415,Belgium,1,Data Analyst | Trilations,Full-time,Hybrid,Staffing & Recruiting,no_mapped,analytical skills
416,Italy,0,Business Analyst,Contract,Hybrid,Information Technology & Services,bi_engineer,communication
416,Italy,0,Business Analyst,Contract,Hybrid,Information Technology & Services,bi_engineer,analytical skills
416,Italy,0,Business Analyst,Contract,Hybrid,Information Technology & Services,bi_engineer,business analysis
416,Italy,0,Business Analyst,Contract,Hybrid,Information Technology & Services,bi_engineer,communication
417,Latvia,1,Remote ÃÂÃÂÃÂÃÂ½ÃÂÃÂ°ÃÂÃÂ»ÃÂÃÂ¸ÃÂÃÂÃÂÃÂ¸ÃÂÃÂº ÃÂÃÂ¿ÃÂÃÂ¾ ÃÂÃÂ¿ÃÂÃÂ¾ÃÂÃÂ¸ÃÂÃÂÃÂÃÂºÃÂÃÂ ÃÂÃÂ¡ÃÂÃÂÃÂÃÂ ÃÂÃÂÃÂÃÂ°ÃÂÃÂÃÂÃÂ²ÃÂÃÂ¸ÃÂÃÂ,Part-time,Remote,Information Technology & Services,no_mapped,
418,Germany,1,Data Analyst (w/m/d),Full-time,On-site,Staffing & Recruiting,no_mapped,communication
419,France,1,Analyst financier H/F CDI,Full-time,On-site,Automotive,no_mapped,communication
419,France,1,Analyst financier H/F CDI,Full-time,On-site,Automotive,no_mapped,negotiation
419,France,1,Analyst financier H/F CDI,Full-time,On-site,Automotive,no_mapped,analytical skills
419,France,1,Analyst financier H/F CDI,Full-time,On-site,Automotive,no_mapped,financial analysis
419,France,1,Analyst financier H/F CDI,Full-time,On-site,Automotive,no_mapped,research skills
419,France,1,Analyst financier H/F CDI,Full-time,On-site,Automotive,no_mapped,marketing
419,France,1,Analyst financier H/F CDI,Full-time,On-site,Automotive,no_mapped,teamwork
420,France,1,Data Analyst S & OP F/H,Full-time,On-site,Staffing & Recruiting,no_mapped,
421,France,1,Data Analyst,Full-time,On-site,Information Technology & Services,analyst,problem solving
421,France,1,Data Analyst,Full-time,On-site,Information Technology & Services,analyst,analytical skills
422,Germany,1,Analyst*in (m/w/d),Full-time,On-site,Banking,no_mapped,communication
422,Germany,1,Analyst*in (m/w/d),Full-time,On-site,Banking,no_mapped,analytical skills
422,Germany,1,Analyst*in (m/w/d),Full-time,On-site,Banking,no_mapped,negotiation
422,Germany,1,Analyst*in (m/w/d),Full-time,On-site,Banking,no_mapped,marketing
422,Germany,1,Analyst*in (m/w/d),Full-time,On-site,Banking,no_mapped,research skills
422,Germany,1,Analyst*in (m/w/d),Full-time,On-site,Banking,no_mapped,financial analysis
423,Bulgaria,0,Junior Market Data Analyst - sector Fashion,Full-time,Hybrid,Information Technology & Services,no_mapped,communication
423,Bulgaria,0,Junior Market Data Analyst - sector Fashion,Full-time,Hybrid,Information Technology & Services,no_mapped,communication
423,Bulgaria,0,Junior Market Data Analyst - sector Fashion,Full-time,Hybrid,Information Technology & Services,no_mapped,analytical skills
424,Italy,1,BI Specialist,Full-time,Hybrid,Human Resources,no_mapped,analytical skills
425,Spain,1,Analista de datos en entornos de fabricaciÃÂÃÂ³n,Full-time,On-site,Railroad Manufacture,no_mapped,leadership
425,Spain,1,Analista de datos en entornos de fabricaciÃÂÃÂ³n,Full-time,On-site,Railroad Manufacture,no_mapped,critical thinking
426,France,1,Data Analyst / Analytics Engineer,Full-time,Hybrid,Translation & Localization,no_mapped,collaboration
427,Poland,0,Data Quality Analyst,Full-time,On-site,Pharmaceuticals,smt_analyst,communication
427,Poland,0,Data Quality Analyst,Full-time,On-site,Pharmaceuticals,smt_analyst,leadership
427,Poland,0,Data Quality Analyst,Full-time,On-site,Pharmaceuticals,smt_analyst,communication
427,Poland,0,Data Quality Analyst,Full-time,On-site,Pharmaceuticals,smt_analyst,analytical skills
428,Belgium,1,Marketing Digital Analyst,Full-time,On-site,Staffing & Recruiting,no_mapped,analytical skills
429,Germany,1,Markt-Redakteur / Analyst,Full-time,Hybrid,Information Services,no_mapped,communication
430,France,1,"Data Analyst, Saint-Ouen, 93 (H/F) ÃÂ¢ÃÂ?Alternance",Full-time,Hybrid,Information Technology & Services,no_mapped,leadership
430,France,1,"Data Analyst, Saint-Ouen, 93 (H/F) ÃÂ¢ÃÂ?Alternance",Full-time,Hybrid,Information Technology & Services,no_mapped,business analysis
431,Belgium,0,QC Analyst,Full-time,On-site,Biotechnology,no_mapped,communication
431,Belgium,0,QC Analyst,Full-time,On-site,Biotechnology,no_mapped,collaboration
431,Belgium,0,QC Analyst,Full-time,On-site,Biotechnology,no_mapped,communication
432,France,1,Data Analyst H/F,Full-time,Remote,Accounting,no_mapped,communication
432,France,1,Data Analyst H/F,Full-time,Remote,Accounting,no_mapped,communication
432,France,1,Data Analyst H/F,Full-time,Remote,Accounting,no_mapped,problem solving
433,Ireland,0,Financial Analyst - Tech,Full-time,Hybrid,Staffing & Recruiting,no_mapped,communication
433,Ireland,0,Financial Analyst - Tech,Full-time,Hybrid,Staffing & Recruiting,no_mapped,financial analysis
433,Ireland,0,Financial Analyst - Tech,Full-time,Hybrid,Staffing & Recruiting,no_mapped,communication
433,Ireland,0,Financial Analyst - Tech,Full-time,Hybrid,Staffing & Recruiting,no_mapped,analytical skills
434,Ireland,0,Data Governance Specialist,Full-time,Hybrid,Information Technology & Services,no_mapped,communication
434,Ireland,0,Data Governance Specialist,Full-time,Hybrid,Information Technology & Services,no_mapped,communication
434,Ireland,0,Data Governance Specialist,Full-time,Hybrid,Information Technology & Services,no_mapped,attention to detail
434,Ireland,0,Data Governance Specialist,Full-time,Hybrid,Information Technology & Services,no_mapped,problem solving
435,France,1,Data analyst H/F,Full-time,On-site,Marketing & Advertising,no_mapped,communication
435,France,1,Data analyst H/F,Full-time,On-site,Marketing & Advertising,no_mapped,problem solving
435,France,1,Data analyst H/F,Full-time,On-site,Marketing & Advertising,no_mapped,analytical skills
436,Belgium,1,Jobs | Data Analyst - Risk & ICM Data Delivery | Brussel,Full-time,Hybrid,Financial Services,no_mapped,
437,Netherlands,1,Data Analist,Full-time,On-site,Hospitality,no_mapped,communication
438,France,1,APPRENTI(E) - Data Analyst - H/F,Full-time,On-site,Airlines/Aviation,no_mapped,communication
438,France,1,APPRENTI(E) - Data Analyst - H/F,Full-time,On-site,Airlines/Aviation,no_mapped,communication
439,Hungary,0,Data Specialist - Governance,Full-time,On-site,Information Technology & Services,no_mapped,communication
439,Hungary,0,Data Specialist - Governance,Full-time,On-site,Information Technology & Services,no_mapped,communication
439,Hungary,0,Data Specialist - Governance,Full-time,On-site,Information Technology & Services,no_mapped,written communication
440,Spain,0,Data Analyst - Sales Strategy & Operations (They/He/She),Full-time,Hybrid,Consumer Services,no_mapped,communication
440,Spain,0,Data Analyst - Sales Strategy & Operations (They/He/She),Full-time,Hybrid,Consumer Services,no_mapped,communication
440,Spain,0,Data Analyst - Sales Strategy & Operations (They/He/She),Full-time,Hybrid,Consumer Services,no_mapped,interpersonal skills
440,Spain,0,Data Analyst - Sales Strategy & Operations (They/He/She),Full-time,Hybrid,Consumer Services,no_mapped,problem solving
440,Spain,0,Data Analyst - Sales Strategy & Operations (They/He/She),Full-time,Hybrid,Consumer Services,no_mapped,analytical skills
441,Spain,0,German Language Data Analyst - Barcelona,Full-time,On-site,Translation & Localization,no_mapped,problem solving
441,Spain,0,German Language Data Analyst - Barcelona,Full-time,On-site,Translation & Localization,no_mapped,analytical skills
441,Spain,0,German Language Data Analyst - Barcelona,Full-time,On-site,Translation & Localization,no_mapped,business analysis
442,Netherlands,1,Research Analyst,Full-time,Hybrid,Market Research,smt_analyst,research skills
443,France,1,Business Analyst junior H/F,Full-time,On-site,Government Administration,no_mapped,business analysis
443,France,1,Business Analyst junior H/F,Full-time,On-site,Government Administration,no_mapped,analytical skills
444,Germany,0,Lithuanian Speakers | Internet Analyst - Freelance,Part-time,Remote,Information Technology & Services,no_mapped,communication
444,Germany,0,Lithuanian Speakers | Internet Analyst - Freelance,Part-time,Remote,Information Technology & Services,no_mapped,flexibility
444,Germany,0,Lithuanian Speakers | Internet Analyst - Freelance,Part-time,Remote,Information Technology & Services,no_mapped,communication
445,Belgium,1,Data Analist,Contract,Hybrid,Information Technology & Services,no_mapped,analytical skills
446,Germany,1,Business Analyst / Consultant (m/w/d) Enterprise Resource Planning (ERP) in Berlin,Full-time,Hybrid,Management Consulting,no_mapped,teamwork
446,Germany,1,Business Analyst / Consultant (m/w/d) Enterprise Resource Planning (ERP) in Berlin,Full-time,Hybrid,Management Consulting,no_mapped,business analysis
447,Netherlands,1,Data specialist,Full-time,Hybrid,Information Technology & Services,no_mapped,
448,Spain,0,2023 ÃÂ¢ÃÂ? eXecution Digital Analyst,Full-time,On-site,Management Consulting,no_mapped,business analysis
448,Spain,0,2023 ÃÂ¢ÃÂ? eXecution Digital Analyst,Full-time,On-site,Management Consulting,no_mapped,critical thinking
449,Netherlands,0,Web Data Analyst,Full-time,Hybrid,Retail,no_mapped,communication
449,Netherlands,0,Web Data Analyst,Full-time,Hybrid,Retail,no_mapped,communication
449,Netherlands,0,Web Data Analyst,Full-time,Hybrid,Retail,no_mapped,problem solving
450,Italy,1,BUSINESS INTELLIGENCE,Full-time,On-site,Management Consulting,no_mapped,creativity
450,Italy,1,BUSINESS INTELLIGENCE,Full-time,On-site,Management Consulting,no_mapped,collaboration
450,Italy,1,BUSINESS INTELLIGENCE,Full-time,On-site,Management Consulting,no_mapped,flexibility
451,Germany,0,Data Analyst (m/f/d),Full-time,On-site,Entertainment,no_mapped,communication
451,Germany,0,Data Analyst (m/f/d),Full-time,On-site,Entertainment,no_mapped,teamwork
451,Germany,0,Data Analyst (m/f/d),Full-time,On-site,Entertainment,no_mapped,interpersonal skills
452,Finland,0,Azure Data Specialist,Full-time,On-site,Staffing & Recruiting,no_mapped,
453,Estonia,0,Analyst,Full-time,Hybrid,Information Technology & Services,analyst,communication
453,Estonia,0,Analyst,Full-time,Hybrid,Information Technology & Services,analyst,communication
454,United Kingdom,0,DC Analyst,Full-time,Hybrid,Information Technology & Services,no_mapped,communication
454,United Kingdom,0,DC Analyst,Full-time,Hybrid,Information Technology & Services,no_mapped,flexibility
454,United Kingdom,0,DC Analyst,Full-time,Hybrid,Information Technology & Services,no_mapped,project management
454,United Kingdom,0,DC Analyst,Full-time,Hybrid,Information Technology & Services,no_mapped,analytical skills
454,United Kingdom,0,DC Analyst,Full-time,Hybrid,Information Technology & Services,no_mapped,communication
455,France,1,Data analyst en alternance (F/H),Full-time,On-site,Retail,no_mapped,
456,Spain,0,Cloud Quality Analyst,Full-time,On-site,Outsourcing/Offshoring,no_mapped,communication
456,Spain,0,Cloud Quality Analyst,Full-time,On-site,Outsourcing/Offshoring,no_mapped,communication
456,Spain,0,Cloud Quality Analyst,Full-time,On-site,Outsourcing/Offshoring,no_mapped,written communication
457,Greece,0,Freelance Job - Greek Speaking Online Data Analyst,Part-time,Remote,Information Technology & Services,no_mapped,research skills
458,Ireland,0,Business Intelligence Analyst,Full-time,Hybrid,Staffing & Recruiting,bi_engineer,communication
458,Ireland,0,Business Intelligence Analyst,Full-time,Hybrid,Staffing & Recruiting,bi_engineer,communication
458,Ireland,0,Business Intelligence Analyst,Full-time,Hybrid,Staffing & Recruiting,bi_engineer,requirements gathering
458,Ireland,0,Business Intelligence Analyst,Full-time,Hybrid,Staffing & Recruiting,bi_engineer,attention to detail
